Community_id,Density,Fraud_Density,Score,N_Nodes,N_Edges,N_Nodes_bins,N_Edges_bins,count,weight_count,type,pct
0,0.4,0.2,0.4791812460476248,5,4,Low,Low,1,1.0,owns,100.0
0,0.4,0.2,0.4791812460476248,5,4,Low,Low,1,0.0,originated_at,0.0
0,0.4,0.2,0.4791812460476248,5,4,Low,Low,1,1.0,part_of_mismatch,100.0
0,0.4,0.2,0.4791812460476248,5,4,Low,Low,1,1.0,part_of_manifest,100.0
1,0.010054040467512881,0.008434307436445711,0.013701652637420016,219,240,Low,Low,76,2.0,part_of_mismatch,2.631578947368421
1,0.010054040467512881,0.008434307436445711,0.013701652637420016,219,240,Low,Low,76,33.0,part_of_manifest,43.42105263157895
1,0.010054040467512881,0.008434307436445711,0.013701652637420016,219,240,Low,Low,67,19.0,originated_at,28.35820895522388
1,0.010054040467512881,0.008434307436445711,0.013701652637420016,219,240,Low,Low,1,0.0,owns,0.0
2,0.0010117083596595917,0.0011659072432553097,0.0015177604941831718,2265,2594,High,Medium,792,0.0,part_of_mismatch,0.0
2,0.0010117083596595917,0.0011659072432553097,0.0015177604941831718,2265,2594,High,Medium,792,12.0,part_of_manifest,1.5151515151515151
2,0.0010117083596595917,0.0011659072432553097,0.0015177604941831718,2265,2594,High,Medium,751,724.0,originated_at,96.40479360852197
2,0.0010117083596595917,0.0011659072432553097,0.0015177604941831718,2265,2594,High,Medium,3,0.0,owns,0.0
3,0.0010826293007009816,0.000999743940861472,0.0015165956860285215,2548,3513,High,High,927,0.0,part_of_mismatch,0.0
3,0.0010826293007009816,0.000999743940861472,0.0015165956860285215,2548,3513,High,High,927,2.0,part_of_manifest,0.2157497303128371
3,0.0010826293007009816,0.000999743940861472,0.0015165956860285215,2548,3513,High,High,868,859.0,originated_at,98.963133640553
3,0.0010826293007009816,0.000999743940861472,0.0015165956860285215,2548,3513,High,High,1,0.0,owns,0.0
4,0.0028089777285388207,0.0034195658638120725,0.004291542891311039,714,715,Low,Low,255,0.0,part_of_mismatch,0.0
4,0.0028089777285388207,0.0034195658638120725,0.004291542891311039,714,715,Low,Low,255,2.0,part_of_manifest,0.7843137254901961
4,0.0028089777285388207,0.0034195658638120725,0.004291542891311039,714,715,Low,Low,228,213.0,originated_at,93.42105263157895
5,0.1323529411764706,0.13186813186813187,0.18614877356054918,17,18,Low,Low,6,3.0,originated_at,50.0
5,0.1323529411764706,0.13186813186813187,0.18614877356054918,17,18,Low,Low,6,0.0,part_of,0.0
6,0.4,0.3333333333333333,0.5249387366082999,5,4,Low,Low,2,0.0,part_of,0.0
7,0.0053465893399613365,0.004338927548096602,0.007226885340953648,426,484,Low,Low,143,0.0,part_of,0.0
7,0.0053465893399613365,0.004338927548096602,0.007226885340953648,426,484,Low,Low,122,2.0,originated_at,1.639344262295082
8,0.008191235059760956,0.00681592039800995,0.011141309324186808,251,257,Low,Low,77,0.0,part_of,0.0
8,0.008191235059760956,0.00681592039800995,0.011141309324186808,251,257,Low,Low,60,7.0,originated_at,11.666666666666666
9,0.007964494163424124,0.007388798581350673,0.011161611678411395,257,262,Low,Low,82,0.0,part_of,0.0
9,0.007964494163424124,0.007388798581350673,0.011161611678411395,257,262,Low,Low,68,20.0,originated_at,29.411764705882355
10,0.0008180749318315245,0.0008078821254962925,0.0011687920309926508,3358,4611,High,High,1197,0.0,part_of,0.0
10,0.0008180749318315245,0.0008078821254962925,0.0011687920309926508,3358,4611,High,High,1153,8.0,originated_at,0.6938421509106678
10,0.0008180749318315245,0.0008078821254962925,0.0011687920309926508,3358,4611,High,High,1,0.0,owns,0.0
11,0.035959809624537285,0.02902757619738752,0.048386822899978005,62,68,Low,Low,20,0.0,part_of,0.0
11,0.035959809624537285,0.02902757619738752,0.048386822899978005,62,68,Low,Low,15,2.0,originated_at,13.333333333333334
11,0.035959809624537285,0.02902757619738752,0.048386822899978005,62,68,Low,Low,5,0.0,owns,0.0
12,0.0061338460130000915,0.005138105138105138,0.008359583569237782,331,335,Low,Low,98,0.0,part_of,0.0
12,0.0061338460130000915,0.005138105138105138,0.008359583569237782,331,335,Low,Low,75,3.0,originated_at,4.0
13,0.022626262626262626,0.01930379746835443,0.030929904827550245,100,112,Low,Low,32,0.0,part_of_mismatch,0.0
13,0.022626262626262626,0.01930379746835443,0.030929904827550245,100,112,Low,Low,32,2.0,part_of_manifest,6.25
13,0.022626262626262626,0.01930379746835443,0.030929904827550245,100,112,Low,Low,25,15.0,originated_at,60.0
13,0.022626262626262626,0.01930379746835443,0.030929904827550245,100,112,Low,Low,4,0.0,owns,0.0
14,0.009274287039183864,0.0077626358461273075,0.012632539305943172,228,240,Low,Low,65,0.0,part_of,0.0
14,0.009274287039183864,0.0077626358461273075,0.012632539305943172,228,240,Low,Low,53,1.0,originated_at,1.8867924528301887
14,0.009274287039183864,0.0077626358461273075,0.012632539305943172,228,240,Low,Low,17,0.0,owns,0.0
15,0.5,0.3333333333333333,0.6249387366082999,4,3,,,1,0.0,originated_at,0.0
15,0.5,0.3333333333333333,0.6249387366082999,4,3,,,1,0.0,part_of_mismatch,0.0
15,0.5,0.3333333333333333,0.6249387366082999,4,3,,,1,1.0,part_of_manifest,100.0
16,0.0023327444852108527,0.0019649207401603278,0.0031852614299487845,892,927,Low,Low,259,0.0,part_of_mismatch,0.0
16,0.0023327444852108527,0.0019649207401603278,0.0031852614299487845,892,927,Low,Low,259,2.0,part_of_manifest,0.7722007722007722
16,0.0023327444852108527,0.0019649207401603278,0.0031852614299487845,892,927,Low,Low,230,45.0,originated_at,19.565217391304348
17,0.002426627315953435,0.002028509469913979,0.003306705463274324,856,888,Low,Low,258,1.0,part_of_mismatch,0.3875968992248062
17,0.002426627315953435,0.002028509469913979,0.003306705463274324,856,888,Low,Low,258,0.0,part_of_manifest,0.0
17,0.002426627315953435,0.002028509469913979,0.003306705463274324,856,888,Low,Low,219,24.0,originated_at,10.95890410958904
17,0.002426627315953435,0.002028509469913979,0.003306705463274324,856,888,Low,Low,1,0.0,owns,0.0
18,0.08333333333333333,0.08947368421052632,0.12055007783742214,25,25,Low,Low,9,0.0,part_of,0.0
18,0.08333333333333333,0.08947368421052632,0.12055007783742214,25,25,Low,Low,8,4.0,originated_at,50.0
19,0.0022261661237862407,0.0018505640550146808,0.0030291131577630847,918,937,Low,Low,258,1.0,part_of_mismatch,0.3875968992248062
19,0.0022261661237862407,0.0018505640550146808,0.0030291131577630847,918,937,Low,Low,258,2.0,part_of_manifest,0.7751937984496124
19,0.0022261661237862407,0.0018505640550146808,0.0030291131577630847,918,937,Low,Low,222,20.0,originated_at,9.00900900900901
20,0.010637309550353028,0.008506316257220847,0.014315932086313467,208,229,Low,Low,72,2.0,part_of_mismatch,2.7777777777777777
20,0.010637309550353028,0.008506316257220847,0.014315932086313467,208,229,Low,Low,72,25.0,part_of_manifest,34.72222222222222
20,0.010637309550353028,0.008506316257220847,0.014315932086313467,208,229,Low,Low,61,7.0,originated_at,11.475409836065573
20,0.010637309550353028,0.008506316257220847,0.014315932086313467,208,229,Low,Low,3,0.0,owns,0.0
21,0.009296585767174003,0.007960965588084233,0.012740299664432438,221,226,Low,Low,66,0.0,part_of,0.0
21,0.009296585767174003,0.007960965588084233,0.012740299664432438,221,226,Low,Low,58,14.0,originated_at,24.137931034482758
22,0.0625,0.05413105413105413,0.08539460760117096,32,31,Low,Low,8,0.0,part_of,0.0
22,0.0625,0.05413105413105413,0.08539460760117096,32,31,Low,Low,6,0.0,originated_at,0.0
22,0.0625,0.05413105413105413,0.08539460760117096,32,31,Low,Low,5,0.0,owns,0.0
23,0.010029444239970556,0.008839463929284289,0.013851506932172356,209,218,Low,Low,69,0.0,part_of,0.0
23,0.010029444239970556,0.008839463929284289,0.013851506932172356,209,218,Low,Low,55,9.0,originated_at,16.363636363636363
24,0.5,0.3333333333333333,0.6249387366082999,4,3,,,1,0.0,originated_at,0.0
24,0.5,0.3333333333333333,0.6249387366082999,4,3,,,1,0.0,part_of_mismatch,0.0
24,0.5,0.3333333333333333,0.6249387366082999,4,3,,,1,1.0,part_of_manifest,100.0
25,0.011623376623376624,0.009386973180076629,0.01568107219390273,176,179,Low,Low,55,0.0,part_of,0.0
25,0.011623376623376624,0.009386973180076629,0.01568107219390273,176,179,Low,Low,37,11.0,originated_at,29.72972972972973
25,0.011623376623376624,0.009386973180076629,0.01568107219390273,176,179,Low,Low,6,0.0,owns,0.0
26,0.005210373271615928,0.0042567472092694646,0.007055131540308995,411,439,Low,Low,135,0.0,part_of_mismatch,0.0
26,0.005210373271615928,0.0042567472092694646,0.007055131540308995,411,439,Low,Low,135,1.0,part_of_manifest,0.7407407407407408
26,0.005210373271615928,0.0042567472092694646,0.007055131540308995,411,439,Low,Low,106,7.0,originated_at,6.60377358490566
27,0.019417475728155338,0.01708860759493671,0.02677626553707729,104,104,Low,Low,28,0.0,part_of,0.0
27,0.019417475728155338,0.01708860759493671,0.02677626553707729,104,104,Low,Low,26,2.0,originated_at,7.6923076923076925
28,0.009378856437679967,0.008025166923472007,0.012850231522929323,221,228,Low,Low,69,0.0,part_of,0.0
28,0.009378856437679967,0.008025166923472007,0.012850231522929323,221,228,Low,Low,55,8.0,originated_at,14.545454545454545
28,0.009378856437679967,0.008025166923472007,0.012850231522929323,221,228,Low,Low,1,0.0,owns,0.0
29,0.5,0.3333333333333333,0.6249387366082999,4,3,,,1,0.0,originated_at,0.0
29,0.5,0.3333333333333333,0.6249387366082999,4,3,,,1,0.0,part_of_mismatch,0.0
29,0.5,0.3333333333333333,0.6249387366082999,4,3,,,1,1.0,part_of_manifest,100.0
30,0.25,0.23809523809523808,0.3427540532368987,9,9,Low,Low,2,0.0,part_of,0.0
30,0.25,0.23809523809523808,0.3427540532368987,9,9,Low,Low,2,0.0,originated_at,0.0
30,0.25,0.23809523809523808,0.3427540532368987,9,9,Low,Low,1,0.0,owns,0.0
31,0.007804459691252144,0.006325667127476855,0.010543009544622313,265,273,Low,Low,89,0.0,part_of_mismatch,0.0
31,0.007804459691252144,0.006325667127476855,0.010543009544622313,265,273,Low,Low,89,1.0,part_of_manifest,1.1235955056179776
31,0.007804459691252144,0.006325667127476855,0.010543009544622313,265,273,Low,Low,62,9.0,originated_at,14.516129032258066
32,0.16666666666666666,0.10606060606060606,0.21044559124525386,12,11,Low,Low,3,0.0,originated_at,0.0
32,0.16666666666666666,0.10606060606060606,0.21044559124525386,12,11,Low,Low,3,1.0,part_of_mismatch,33.33333333333333
32,0.16666666666666666,0.10606060606060606,0.21044559124525386,12,11,Low,Low,3,3.0,part_of_manifest,100.0
32,0.16666666666666666,0.10606060606060606,0.21044559124525386,12,11,Low,Low,2,0.0,owns,0.0
33,0.5,0.16666666666666666,0.5669467896306132,4,3,,,1,0.0,originated_at,0.0
33,0.5,0.16666666666666666,0.5669467896306132,4,3,,,1,1.0,part_of_mismatch,100.0
33,0.5,0.16666666666666666,0.5669467896306132,4,3,,,1,1.0,part_of_manifest,100.0
34,0.0057770350919073765,0.005079131394920868,0.007977290853656335,355,363,Low,Low,112,3.0,part_of_mismatch,2.6785714285714284
34,0.0057770350919073765,0.005079131394920868,0.007977290853656335,355,363,Low,Low,112,10.0,part_of_manifest,8.928571428571429
34,0.0057770350919073765,0.005079131394920868,0.007977290853656335,355,363,Low,Low,93,37.0,originated_at,39.784946236559136
34,0.0057770350919073765,0.005079131394920868,0.007977290853656335,355,363,Low,Low,5,0.0,owns,0.0
35,0.004005238791423002,0.0046725843809829835,0.00602979013574587,513,526,Low,Low,187,0.0,part_of_mismatch,0.0
35,0.004005238791423002,0.0046725843809829835,0.00602979013574587,513,526,Low,Low,187,16.0,part_of_manifest,8.55614973262032
35,0.004005238791423002,0.0046725843809829835,0.00602979013574587,513,526,Low,Low,161,137.0,originated_at,85.09316770186336
35,0.004005238791423002,0.0046725843809829835,0.00602979013574587,513,526,Low,Low,1,0.0,owns,0.0
36,0.009603789836347977,0.00823865523885456,0.013167133836229191,216,223,Low,Low,67,1.0,part_of_mismatch,1.4925373134328357
36,0.009603789836347977,0.00823865523885456,0.013167133836229191,216,223,Low,Low,67,4.0,part_of_manifest,5.970149253731343
36,0.009603789836347977,0.00823865523885456,0.013167133836229191,216,223,Low,Low,55,15.0,originated_at,27.27272727272727
36,0.009603789836347977,0.00823865523885456,0.013167133836229191,216,223,Low,Low,3,0.0,owns,0.0
37,0.5,0.3333333333333333,0.6249387366082999,4,3,,,1,0.0,originated_at,0.0
37,0.5,0.3333333333333333,0.6249387366082999,4,3,,,1,0.0,part_of_mismatch,0.0
37,0.5,0.3333333333333333,0.6249387366082999,4,3,,,1,1.0,part_of_manifest,100.0
38,0.5,0.3333333333333333,0.6249387366082999,4,3,,,1,0.0,originated_at,0.0
38,0.5,0.3333333333333333,0.6249387366082999,4,3,,,1,0.0,part_of_mismatch,0.0
38,0.5,0.3333333333333333,0.6249387366082999,4,3,,,1,1.0,part_of_manifest,100.0
39,0.5,0.3333333333333333,0.6249387366082999,4,3,,,1,0.0,originated_at,0.0
39,0.5,0.3333333333333333,0.6249387366082999,4,3,,,1,0.0,part_of_mismatch,0.0
39,0.5,0.3333333333333333,0.6249387366082999,4,3,,,1,1.0,part_of_manifest,100.0
40,0.2857142857142857,0.19047619047619047,0.361434999652404,7,6,Low,Low,2,0.0,originated_at,0.0
40,0.2857142857142857,0.19047619047619047,0.361434999652404,7,6,Low,Low,2,0.0,part_of_mismatch,0.0
40,0.2857142857142857,0.19047619047619047,0.361434999652404,7,6,Low,Low,2,2.0,part_of_manifest,100.0
41,0.0068254695373339445,0.007487187700192185,0.010065001425927327,296,298,Low,Low,104,7.0,part_of_mismatch,6.730769230769231
41,0.0068254695373339445,0.007487187700192185,0.010065001425927327,296,298,Low,Low,104,15.0,part_of_manifest,14.423076923076922
41,0.0068254695373339445,0.007487187700192185,0.010065001425927327,296,298,Low,Low,89,71.0,originated_at,79.7752808988764
41,0.0068254695373339445,0.007487187700192185,0.010065001425927327,296,298,Low,Low,1,0.0,owns,0.0
42,0.4,0.3,0.5139433523068367,5,4,Low,Low,1,1.0,owns,100.0
42,0.4,0.3,0.5139433523068367,5,4,Low,Low,1,0.0,part_of_mismatch,0.0
42,0.4,0.3,0.5139433523068367,5,4,Low,Low,1,1.0,part_of_manifest,100.0
42,0.4,0.3,0.5139433523068367,5,4,Low,Low,1,1.0,originated_at,100.0
43,0.007385596859281069,0.006141778895959745,0.010044779819422764,286,301,Low,Low,89,0.0,part_of_mismatch,0.0
43,0.007385596859281069,0.006141778895959745,0.010044779819422764,286,301,Low,Low,89,6.0,part_of_manifest,6.741573033707865
43,0.007385596859281069,0.006141778895959745,0.010044779819422764,286,301,Low,Low,76,13.0,originated_at,17.105263157894736
43,0.007385596859281069,0.006141778895959745,0.010044779819422764,286,301,Low,Low,1,0.0,owns,0.0
44,0.01847539201987269,0.015527950310559006,0.025167272984327846,114,119,Low,Low,36,0.0,part_of,0.0
44,0.01847539201987269,0.015527950310559006,0.025167272984327846,114,119,Low,Low,29,2.0,originated_at,6.896551724137931
45,0.013897488820089439,0.010630881840362495,0.018490053658325265,171,202,Low,Low,63,1.0,part_of_mismatch,1.5873015873015872
45,0.013897488820089439,0.010630881840362495,0.018490053658325265,171,202,Low,Low,63,28.0,part_of_manifest,44.44444444444444
45,0.013897488820089439,0.010630881840362495,0.018490053658325265,171,202,Low,Low,55,12.0,originated_at,21.818181818181817
45,0.013897488820089439,0.010630881840362495,0.018490053658325265,171,202,Low,Low,5,0.0,owns,0.0
46,0.08,0.08421052631578947,0.11511361941632445,25,24,Low,Low,9,0.0,part_of,0.0
46,0.08,0.08421052631578947,0.11511361941632445,25,24,Low,Low,7,0.0,originated_at,0.0
47,0.2857142857142857,0.26666666666666666,0.3883766276114334,7,6,Low,Low,2,0.0,part_of_mismatch,0.0
47,0.2857142857142857,0.26666666666666666,0.3883766276114334,7,6,Low,Low,2,1.0,part_of_manifest,50.0
47,0.2857142857142857,0.26666666666666666,0.3883766276114334,7,6,Low,Low,2,1.0,originated_at,50.0
48,0.007485069674850697,0.006527765358132881,0.010310829203058248,275,282,Low,Low,75,0.0,part_of,0.0
48,0.007485069674850697,0.006527765358132881,0.010310829203058248,275,282,Low,Low,71,4.0,originated_at,5.633802816901409
49,0.02123683316343867,0.01904761904761905,0.02943131177871021,109,125,Low,Low,35,0.0,part_of_mismatch,0.0
49,0.02123683316343867,0.01904761904761905,0.02943131177871021,109,125,Low,Low,35,1.0,part_of_manifest,2.857142857142857
49,0.02123683316343867,0.01904761904761905,0.02943131177871021,109,125,Low,Low,28,22.0,originated_at,78.57142857142857
49,0.02123683316343867,0.01904761904761905,0.02943131177871021,109,125,Low,Low,5,0.0,owns,0.0
50,0.018910913647755753,0.009754775775640157,0.023126829550789284,133,166,Low,Low,54,38.0,part_of_mismatch,70.37037037037037
50,0.018910913647755753,0.009754775775640157,0.023126829550789284,133,166,Low,Low,54,39.0,part_of_manifest,72.22222222222221
50,0.018910913647755753,0.009754775775640157,0.023126829550789284,133,166,Low,Low,53,10.0,originated_at,18.867924528301888
50,0.018910913647755753,0.009754775775640157,0.023126829550789284,133,166,Low,Low,3,0.0,owns,0.0
51,0.010096083499975613,0.010860689204638249,0.01478739133775223,203,207,Low,Low,71,0.0,part_of_mismatch,0.0
51,0.010096083499975613,0.010860689204638249,0.01478739133775223,203,207,Low,Low,71,4.0,part_of_manifest,5.633802816901409
51,0.010096083499975613,0.010860689204638249,0.01478739133775223,203,207,Low,Low,59,40.0,originated_at,67.79661016949152
51,0.010096083499975613,0.010860689204638249,0.01478739133775223,203,207,Low,Low,3,0.0,owns,0.0
52,0.0019138755980861245,0.0017815435325520964,0.0026869017379608194,1331,1694,Medium,Medium,471,0.0,part_of,0.0
52,0.0019138755980861245,0.0017815435325520964,0.0026869017379608194,1331,1694,Medium,Medium,408,359.0,originated_at,87.99019607843137
52,0.0019138755980861245,0.0017815435325520964,0.0026869017379608194,1331,1694,Medium,Medium,2,0.0,owns,0.0
53,0.016012558869701727,0.01012987012987013,0.020389772508660833,196,306,Low,Low,79,0.0,part_of_mismatch,0.0
53,0.016012558869701727,0.01012987012987013,0.020389772508660833,196,306,Low,Low,79,1.0,part_of_manifest,1.2658227848101267
53,0.016012558869701727,0.01012987012987013,0.020389772508660833,196,306,Low,Low,76,10.0,originated_at,13.157894736842104
53,0.016012558869701727,0.01012987012987013,0.020389772508660833,196,306,Low,Low,1,0.0,owns,0.0
54,0.00492139995526,0.0040868222686404505,0.006692667347839548,444,484,Low,Low,147,0.0,part_of,0.0
54,0.00492139995526,0.0040868222686404505,0.006692667347839548,444,484,Low,Low,123,8.0,originated_at,6.504065040650407
55,0.4,0.3333333333333333,0.5249387366082999,5,4,Low,Low,2,0.0,part_of,0.0
56,0.0033782975485809716,0.002788339670468948,0.004587572928283625,647,706,Low,Low,210,1.0,part_of_mismatch,0.4761904761904762
56,0.0033782975485809716,0.002788339670468948,0.004587572928283625,647,706,Low,Low,210,2.0,part_of_manifest,0.9523809523809524
56,0.0033782975485809716,0.002788339670468948,0.004587572928283625,647,706,Low,Low,175,11.0,originated_at,6.2857142857142865
57,0.022121993127147768,0.022556390977443608,0.031809260530279465,97,103,Low,Low,34,0.0,part_of_mismatch,0.0
57,0.022121993127147768,0.022556390977443608,0.031809260530279465,97,103,Low,Low,34,2.0,part_of_manifest,5.88235294117647
57,0.022121993127147768,0.022556390977443608,0.031809260530279465,97,103,Low,Low,31,25.0,originated_at,80.64516129032258
57,0.022121993127147768,0.022556390977443608,0.031809260530279465,97,103,Low,Low,1,0.0,owns,0.0
58,0.07142857142857142,0.08225108225108226,0.10575660020846472,29,29,Low,Low,10,0.0,part_of,0.0
58,0.07142857142857142,0.08225108225108226,0.10575660020846472,29,29,Low,Low,9,0.0,originated_at,0.0
59,0.0027997991868169455,0.0021637129313902656,0.003738472629225957,852,1015,Low,Low,290,0.0,part_of_mismatch,0.0
59,0.0027997991868169455,0.0021637129313902656,0.003738472629225957,852,1015,Low,Low,290,1.0,part_of_manifest,0.3448275862068966
59,0.0027997991868169455,0.0021637129313902656,0.003738472629225957,852,1015,Low,Low,250,33.0,originated_at,13.200000000000001
60,0.16666666666666666,0.19444444444444445,0.2438326214789659,12,11,Low,Low,4,0.0,part_of,0.0
60,0.16666666666666666,0.19444444444444445,0.2438326214789659,12,11,Low,Low,3,3.0,originated_at,100.0
61,0.004152884081415844,0.0034522439585730723,0.005649592565316621,499,516,Low,Low,146,0.0,part_of,0.0
61,0.004152884081415844,0.0034522439585730723,0.005649592565316621,499,516,Low,Low,124,17.0,originated_at,13.709677419354838
62,0.0217433508056688,0.01764234161988773,0.029338519421830928,102,112,Low,Low,35,0.0,part_of_mismatch,0.0
62,0.0217433508056688,0.01764234161988773,0.029338519421830928,102,112,Low,Low,35,2.0,part_of_manifest,5.714285714285714
62,0.0217433508056688,0.01764234161988773,0.029338519421830928,102,112,Low,Low,27,7.0,originated_at,25.925925925925924
62,0.0217433508056688,0.01764234161988773,0.029338519421830928,102,112,Low,Low,4,0.0,owns,0.0
63,0.11764705882352941,0.09523809523809523,0.15715560010720306,18,18,Low,Low,5,0.0,part_of,0.0
63,0.11764705882352941,0.09523809523809523,0.15715560010720306,18,18,Low,Low,3,1.0,originated_at,33.33333333333333
63,0.11764705882352941,0.09523809523809523,0.15715560010720306,18,18,Low,Low,2,0.0,owns,0.0
